,date,股票代码,open,close,high,low,volume,成交额,振幅,涨跌幅,涨跌额,换手率,tic,ema12,ema26,macd,rsi_30,boll_ub,boll_lb
0,2024-02-20,601138,17.32,17.91,18.41,17.03,3053232,5554868237.0,8.27,7.31,1.22,1.54,sh601138,14.996804162022139,14.273911749008905,0.7228924130132341,82.70683522300595,17.253266559725873,11.669179771077747
1,2024-02-21,601138,17.15,16.97,17.28,16.67,2485909,4361411875.0,3.41,-5.25,-0.94,1.25,sh601138,15.300372752480271,14.47362198982306,0.8267507626572108,68.99076469304758,17.661144702913955,11.739163882098847
2,2024-02-22,601138,17.67,17.61,17.99,16.73,2593071,4644717973.0,7.42,3.77,0.64,1.31,sh601138,15.65570002132946,14.705946286873203,0.949753734456257,72.56507396408531,18.109145193260964,11.845419716988715
3,2024-02-23,601138,18.24,17.59,18.37,17.48,2237459,4126150026.0,5.05,-0.11,-0.02,1.13,sh601138,15.95328463343262,14.919579895252967,1.0337047381796527,72.26472554037974,18.56250911468278,11.889716280305025
4,2024-02-26,601138,17.02,17.09,17.43,16.93,1767651,3139609159.0,2.84,-2.84,-0.5,0.89,sh601138,16.128163920596833,15.080351754863859,1.0478121657329744,64.55695673690886,18.848026111312677,11.959225436533435
5,2024-02-27,601138,17.01,18.75,18.86,16.81,2863760,5308530292.0,12.0,9.71,1.66,1.44,sh601138,16.53152331742809,15.352177550799869,1.17934576662822,74.83793754205536,19.51692312925287,11.927733033084087
6,2024-02-28,601138,18.47,17.62,18.71,17.62,2194145,4136701239.0,5.81,-6.03,-1.13,1.11,sh601138,16.698981268593,15.520164398888767,1.1788168697042316,60.951100035208256,19.797041142141016,12.00907633806861
7,2024-02-29,601138,17.58,18.11,18.48,17.5,1824980,3398084193.0,5.56,2.78,0.49,0.92,sh601138,16.916061073424842,15.712004073045154,1.204057000379688,64.26850348938666,20.12730456612552,12.099182677873667
8,2024-03-01,601138,18.47,19.44,19.88,18.47,2481166,4892950969.0,7.79,7.34,1.33,1.25,sh601138,17.30435936982102,15.988151919486253,1.316207450334769,71.77758925166577,20.75949845511621,12.100656670406863
9,2024-03-04,601138,20.22,21.44,21.44,19.86,2681951,5710595359.0,8.13,10.29,2.0,1.35,sh601138,17.940611774463942,16.391992518042827,1.5486192564211159,79.31875898754137,21.798295789002786,12.016130276946663
10,2024-03-05,601138,21.12,22.17,23.6,20.95,3097571,7050812139.0,12.36,3.4,0.73,1.56,sh601138,18.591286886084873,16.819993072261877,1.7712938138229966,81.41069558719164,22.73438358338222,12.082478095333947
11,2024-03-06,601138,21.49,21.43,21.97,21.12,2302577,5085112589.0,3.83,-3.34,-0.74,1.16,sh601138,19.028011980533353,17.161475066909144,1.8665369136242091,72.7978397008662,23.215799139688627,12.36707571248314
12,2024-03-07,601138,21.89,22.03,22.63,21.28,2702907,6085421452.0,6.3,2.8,0.6,1.36,sh601138,19.48985629122053,17.522106543434393,1.9677497477861365,75.24773794662711,23.639287531007735,12.750932573338151
13,2024-03-08,601138,22.52,24.29,24.29,22.08,2857208,6824257680.0,10.03,10.26,2.26,1.44,sh601138,20.228339938725064,18.023431984661475,2.2049079540635894,82.2108679729716,24.722690409079703,12.828461113899907
14,2024-03-11,601138,23.1,25.24,26.17,22.82,3359710,8195001191.0,13.79,3.91,0.95,1.69,sh601138,20.999364563536595,18.55799257839025,2.4413719851463433,84.3466632075705,25.713841604047953,13.068628821505026
15,2024-03-12,601138,24.68,24.22,24.9,23.49,3125177,7726114946.0,5.59,-4.04,-1.02,1.58,sh601138,21.49484693837712,18.97740053554653,2.51744640283059,73.42533924756668,26.268611673681068,13.433623473247817
16,2024-03-13,601138,24.96,23.77,26.4,23.51,4920400,12619421139.0,11.93,-1.86,-0.45,2.48,sh601138,21.844870486319103,19.332407903283823,2.51246258303528,68.88496085583466,26.633152472722635,13.815536469736832
17,2024-03-14,601138,22.19,22.27,22.69,21.41,5506132,12448108454.0,5.38,-6.31,-1.5,2.78,sh601138,21.910275026885394,19.550007317855393,2.3602677090300013,55.649624649284235,26.49590130879897,14.342436305807219
18,2024-03-15,601138,21.91,22.5,22.7,21.88,3583236,8214079652.0,3.68,1.03,0.23,1.81,sh601138,22.001001945826104,19.76852529431055,2.2324766515155545,57.107681857177376,26.335112738606217,14.899573674608906
19,2024-03-18,601138,22.87,24.43,24.72,22.78,4248136,10433641458.0,8.62,8.58,1.93,2.14,sh601138,22.37469395416055,20.11381971695421,2.2608742372063375,67.46424275485754,26.70092961816269,15.259977136650994
20,2024-03-19,601138,23.82,24.93,25.53,23.55,3791375,9516654769.0,8.1,2.05,0.5,1.91,sh601138,22.76781796121277,20.47057381199464,2.2972441492181304,69.65448033277515,27.204952669387207,15.508248680206126
21,2024-03-20,601138,24.72,24.5,25.25,23.99,2989026,7531928513.0,5.05,-1.72,-0.43,1.51,sh601138,23.034307505641575,20.769049825920963,2.2652576797206123,65.2929117929676,27.353776879564393,15.958167198639094
22,2024-03-21,601138,24.5,24.41,25.22,24.16,2697026,6810420622.0,4.33,-0.37,-0.09,1.36,sh601138,23.24595250477364,21.038749838815708,2.207202665957933,64.32024675068223,27.455127381453416,16.381393451206883
23,2024-03-22,601138,24.24,23.85,24.77,23.53,2603640,6429464240.0,5.08,-2.29,-0.56,1.31,sh601138,23.338882888654616,21.246990591496026,2.0918922971585907,58.105700347276056,27.333624581991486,16.87084664755831
24,2024-03-25,601138,24.27,23.33,24.42,23.29,2339728,5719688823.0,4.74,-2.18,-0.52,1.18,sh601138,23.33751629040006,21.401287584718542,1.9362287056815184,52.65486048643606,26.90184259084154,17.536488521608277
25,2024-03-26,601138,23.42,23.15,23.72,22.42,2463439,5848714351.0,5.57,-0.77,-0.18,1.24,sh601138,23.308667630338512,21.530821837702355,1.7778457926361568,50.75323292682273,26.663242714304864,17.952390196959257
26,2024-03-27,601138,22.79,21.83,23.09,21.78,2376320,5453341226.0,5.66,-5.7,-1.32,1.2,sh601138,23.081180302594124,21.552983183057737,1.5281971195363866,38.873849958473606,25.948324091143505,18.576296161904985
27,2024-03-28,601138,21.84,22.87,23.53,21.84,2756411,6411695654.0,7.74,4.76,1.04,1.39,sh601138,23.04869102527195,21.65053998431272,1.398151040959231,49.59845558720795,25.250064099836074,19.39030660530304
28,2024-03-29,601138,22.56,22.19,22.6,21.75,1693523,3846707807.0,3.72,-2.97,-0.68,0.85,sh601138,22.916584713691652,21.69049998547474,1.226084728216911,43.800712777297264,24.727085253981212,19.888488241144653
29,2024-04-01,601138,22.32,22.73,22.92,22.0,1699460,3938504686.0,4.15,2.43,0.54,0.86,sh601138,22.887879373123706,21.767499986550686,1.1203793865730205,49.2377737891553,24.62983520475033,20.066159862268314
30,2024-04-02,601138,22.66,22.32,23.1,22.14,1538554,3555487009.0,4.22,-1.8,-0.41,0.78,sh601138,22.80051331572006,21.808425913472856,0.9920874022472042,45.39063657676185,24.612371602394628,20.078290601098427
31,2024-04-03,601138,22.12,21.34,22.16,21.16,1768837,3905145590.0,4.48,-4.39,-0.98,0.89,sh601138,22.575818959455436,21.773727697660053,0.8020912617953826,37.343453650950025,24.53267644653758,19.966494118527564
32,2024-04-08,601138,21.12,21.42,21.81,21.0,1223888,2705714760.0,3.8,0.37,0.08,0.62,sh601138,22.398000658000754,21.74752564598153,0.6504750120192249,38.37256766372453,24.540320428737544,19.800833892035676
33,2024-04-09,601138,21.57,21.31,21.58,20.72,1372388,2976232278.0,4.01,-0.51,-0.11,0.69,sh601138,22.230615941385253,21.715116338871784,0.5154996025134686,37.39803493973222,24.563259138012533,19.613975723639427
34,2024-04-10,601138,21.11,20.52,21.29,20.35,1236589,2620631468.0,4.41,-3.71,-0.79,0.62,sh601138,21.967444258095217,21.62658920265906,0.34085505543615824,30.895865963869824,24.466511961070278,19.411938628043398
35,2024-04-11,601138,20.65,20.67,21.07,20.52,1355528,2899217552.0,2.68,0.73,0.15,0.68,sh601138,21.76783744915749,21.555730743202833,0.21210670595465686,33.43152104262397,24.450152958941565,19.186540431208904
36,2024-04-12,601138,21.22,21.68,22.34,21.13,2543958,5686706943.0,5.85,4.89,1.01,1.28,sh601138,21.754323995440952,21.56493587333596,0.18938812210499378,48.19889289662853,24.4268848027101,19.183456835997468
37,2024-04-15,601138,21.3,21.66,21.97,21.12,1492917,3313784495.0,3.92,-0.09,-0.02,0.75,sh601138,21.73981261152696,21.571977660496255,0.16783495103070578,47.95582228828047,24.443848114983318,19.138841939085438
38,2024-04-16,601138,20.95,21.23,21.79,20.82,1243881,2714956237.0,4.48,-1.99,-0.43,0.63,sh601138,21.661379902061274,21.546645981940976,0.11473392012029748,42.6233420897147,24.45858222907629,19.017184962700203
39,2024-04-17,601138,21.92,21.92,22.28,21.16,2048865,4573338864.0,5.28,3.25,0.69,1.03,sh601138,21.701167609436464,21.574301835130534,0.12686577430593005,52.4193068790515,24.332448876724627,19.178007153930295
40,2024-04-18,601138,21.28,22.32,22.91,20.74,2326484,5211279395.0,9.9,1.82,0.4,1.17,sh601138,21.796372592600086,21.629538736231975,0.1668338563681111,57.29614012930055,24.092972454927345,19.52505919185568
41,2024-04-19,601138,21.83,21.47,21.92,20.86,1885986,4146330681.0,4.75,-3.81,-0.85,0.95,sh601138,21.746161424507765,21.617721052066642,0.12844037244112272,45.78883609771414,23.825645132228583,19.727812072003676
42,2024-04-22,601138,19.8,20.26,20.52,19.37,1723170,3546511611.0,5.36,-5.64,-1.21,0.87,sh601138,21.517521205352722,21.51714912228393,0.0003720830687932164,34.430673309879055,23.536315797386997,19.72824072072791
43,2024-04-23,601138,20.47,20.01,20.61,19.78,1040598,2158505427.0,4.1,-1.23,-0.25,0.52,sh601138,21.285594866067687,21.405508446559192,-0.11991358049150591,32.508268402843,23.329071273291706,19.62647986214559
44,2024-04-24,601138,20.44,21.66,22.01,20.34,2237521,4867851884.0,8.35,8.25,1.65,1.13,sh601138,21.34319565590343,21.424359672739993,-0.08116401683656349,52.643960679482426,23.182440186875844,19.807820364234097
45,2024-04-25,601138,21.08,21.61,21.91,20.98,1199373,2644030377.0,4.29,-0.23,-0.05,0.6,sh601138,21.38424247807213,21.438110808092585,-0.053868330020453215,52.10047061663067,23.033956990773973,19.97818350784931
46,2024-04-26,601138,22.64,23.83,23.83,22.62,3527524,8519029870.0,5.6,10.27,2.22,1.78,sh601138,21.760512866061035,21.61528778527091,0.14522508079012297,68.67060266526774,23.562985425418574,19.891808359050103
47,2024-04-29,601138,24.18,23.94,24.18,23.59,2566889,6273636106.0,2.48,0.46,0.11,1.29,sh601138,22.095818578974722,21.787488690065658,0.3083298889090642,69.27821802413793,23.974676138679683,19.901565856791983
48,2024-04-30,601138,24.72,23.92,24.72,23.87,2305375,5712943191.0,3.55,-0.08,-0.02,1.16,sh601138,22.376461874517073,21.945452490801536,0.4310093837155371,68.99748392076447,24.385141792994574,19.868600964813126
49,2024-05-06,601138,24.42,24.24,24.72,23.82,1715148,4260075771.0,3.76,1.34,0.32,0.86,sh601138,22.663160047668292,22.115418972964385,0.5477410747039073,71.15538300851799,24.80860788155192,19.847635565988384
50,2024-05-07,601138,24.62,24.8,25.41,24.09,2409142,6122501658.0,5.45,2.31,0.56,1.21,sh601138,22.991904655719324,22.314276826818876,0.677627828900448,74.70982893988237,25.36647306712571,19.760604337791705
51,2024-05-08,601138,24.16,23.88,24.62,23.83,1411925,3488052621.0,3.19,-3.71,-0.92,0.71,sh601138,23.12853470868558,22.43025632112859,0.6982783875569929,60.56291759961939,25.59598810784,19.781843829942424
52,2024-05-09,601138,23.72,23.64,23.92,23.18,1433468,3459862019.0,3.1,-1.01,-0.24,0.72,sh601138,23.207221676580104,22.519866964007953,0.6873547125721515,57.29712897545552,25.74340657886577,19.815584221984995
53,2024-05-10,601138,23.42,23.34,23.61,22.94,974638,2323699523.0,2.83,-1.27,-0.3,0.49,sh601138,23.2276491109524,22.580617559266624,0.6470315516857745,53.16242885088539,25.80337736891356,19.862376212808563
54,2024-05-13,601138,23.35,23.42,23.76,23.22,1012136,2434496045.0,2.31,0.34,0.08,0.51,sh601138,23.25724155542126,22.642794036357987,0.6144475190632726,54.179812279046146,25.769030850270926,20.008555723668135
55,2024-05-14,601138,23.82,23.22,23.91,22.88,1146807,2746620742.0,4.4,-0.85,-0.2,0.58,sh601138,23.25151208535645,22.685550033664803,0.5659620516916455,50.98517106876166,25.687694443934955,20.15297912296229
56,2024-05-15,601138,23.3,23.72,24.42,23.17,1425040,3493813893.0,5.38,2.15,0.5,0.72,sh601138,23.323587149147762,22.76217595709704,0.5614111920507234,58.11011817095909,25.77105992092209,20.221930449127797
57,2024-05-16,601138,25.15,25.0,25.84,24.83,2411610,6231606320.0,4.26,5.4,1.28,1.22,sh601138,23.581496818509645,22.927940701015775,0.6535561174938707,70.69367443081453,26.095987451802895,20.278622883004143
58,2024-05-17,601138,24.62,25.12,25.22,24.52,1387359,3532613919.0,2.8,0.48,0.12,0.7,sh601138,23.818189615662007,23.090315463903497,0.7278741517585097,71.61600574427234,26.33755549351115,20.40518719036189
59,2024-05-20,601138,24.72,25.64,25.65,24.43,1715322,4424493397.0,4.86,2.07,0.52,0.86,sh601138,24.09846813632939,23.27918098509583,0.81928715123356,75.47523395509677,26.713279983078163,20.461582445187926
60,2024-05-21,601138,25.36,25.14,25.62,24.88,1117078,2880736926.0,2.89,-1.95,-0.5,0.56,sh601138,24.25870380766333,23.417019430644288,0.8416843770190425,65.58223959498032,26.937603943376768,20.532985872673503
61,2024-05-22,601138,25.11,24.85,25.28,24.61,986842,2511330102.0,2.67,-1.15,-0.29,0.5,sh601138,24.349672452638202,23.523166139485454,0.8265063131527484,60.293304014395815,26.972420492397067,20.710494103076993
62,2024-05-23,601138,25.42,25.04,25.6,23.86,1818487,4611253745.0,7.0,0.76,0.19,0.92,sh601138,24.455876690693863,23.635524203227273,0.8203524874665895,62.57494837382191,26.735334613838194,21.17587382968596
63,2024-05-24,601138,24.62,23.57,25.32,23.48,2051195,5084389549.0,7.35,-5.87,-1.47,1.03,sh601138,24.319587969048655,23.63067055854377,0.6889174105048852,41.35888953217754,26.058765890054495,21.778994130276885
64,2024-05-27,601138,24.02,24.28,24.74,23.93,1466062,3646699891.0,3.44,3.01,0.71,0.74,sh601138,24.313497512271937,23.678769035688674,0.6347284765832626,50.67834925136781,25.795490732543875,22.111054047755943
65,2024-05-28,601138,24.07,23.54,24.32,23.52,985647,2403414902.0,3.29,-3.05,-0.74,0.5,sh601138,24.19449789499933,23.668489847859885,0.5260080471394453,42.54674604306167,25.365522385219403,22.462303844575676
66,2024-05-29,601138,24.17,23.63,24.24,23.52,902703,2201683548.0,3.06,0.38,0.09,0.46,sh601138,24.107652064999435,23.66563874801841,0.44201331698102564,43.811938129524094,25.352095507029514,22.421652034213654
67,2024-05-30,601138,23.42,23.36,23.7,23.12,710186,1704977226.0,2.45,-1.14,-0.27,0.36,sh601138,23.99262867038414,23.642998840757787,0.3496298296263518,40.708812013577024,25.345600461354472,22.32779017119887
68,2024-05-31,601138,23.09,22.33,23.5,22.33,1391132,3246306827.0,5.01,-4.41,-1.03,0.7,sh601138,23.73683964417119,23.545739667368323,0.1910999768028674,31.033600075797708,25.410206486291322,21.976194562209315
69,2024-06-03,601138,22.33,23.29,23.56,22.32,1556125,3677729130.0,5.55,4.3,0.96,0.78,sh601138,23.66809508352947,23.526795988304006,0.14129909522546313,45.072776199895074,25.406316809867675,21.90328413877576
70,2024-06-04,601138,23.29,23.21,23.32,22.87,821074,1943067318.0,1.93,-0.34,-0.08,0.41,sh601138,23.597618916832626,23.503329618800006,0.09428929803262065,44.2074766983483,25.363142442964904,21.86173460580773
71,2024-06-05,601138,23.09,23.12,23.39,22.88,732816,1740337548.0,2.2,-0.39,-0.09,0.37,sh601138,23.52413908347376,23.474934832222228,0.04920425125153116,43.13260105348066,25.356183135852266,21.774896098751544
72,2024-06-06,601138,24.3,25.49,25.49,24.3,2979325,7674821765.0,5.15,10.25,2.37,1.5,sh601138,23.826579224477797,23.624198918724286,0.20238030575351118,67.29469097243444,25.66466656927367,21.83297654774882
73,2024-06-07,601138,25.27,23.95,25.56,23.3,2956978,7341980763.0,8.87,-6.04,-1.54,1.49,sh601138,23.845567036096597,23.64833233215212,0.19723470394447773,51.03649783647992,25.657792316801643,21.878170503361563
74,2024-06-11,601138,23.92,23.63,24.47,23.46,1610391,3945047341.0,4.22,-1.34,-0.32,0.81,sh601138,23.81240287669712,23.646974381622332,0.16542849507478863,48.24205981164008,25.63229969293042,21.87738095388391
75,2024-06-12,601138,23.97,23.79,24.9,23.73,1934349,4803851921.0,4.95,0.68,0.16,0.98,sh601138,23.808956280282178,23.657568871872527,0.1513874084096507,49.826960095755354,25.599132557962346,21.917245170107766
76,2024-06-13,601138,24.22,25.32,26.01,24.19,2381979,6133068310.0,7.65,6.43,1.53,1.2,sh601138,24.04142454485415,23.78071191840049,0.26071262645366033,62.497705262219704,25.818785011226243,21.995080552265765
77,2024-06-14,601138,25.47,26.65,27.14,25.26,2284523,6138937770.0,7.42,5.25,1.33,1.15,sh601138,24.442743845645815,23.99325177629675,0.44949206934906627,70.07722551654062,26.354449039169218,21.98190551827593
78,2024-06-17,601138,26.49,26.93,27.41,26.1,2043932,5592828643.0,4.92,1.05,0.28,1.03,sh601138,24.82539863862338,24.21078868175625,0.614609956867131,71.47753868229614,26.90101388755331,21.961402140611348
79,2024-06-18,601138,26.95,28.04,28.33,26.95,2054130,5829921762.0,5.12,4.12,1.11,1.04,sh601138,25.319952694219783,24.49443396458912,0.8255187296306623,76.50655334930694,27.701956693381845,21.847848284481415
80,2024-06-19,601138,28.61,27.89,28.69,27.71,1422463,4069391664.0,3.5,-0.53,-0.15,0.72,sh601138,25.71534458741674,24.745957374619554,0.9693872127971872,74.45948603666471,28.368521045190736,21.774635839542693
81,2024-06-20,601138,27.89,28.03,28.51,27.8,1043474,2991085814.0,2.55,0.5,0.14,0.53,sh601138,26.071445420121854,24.9892197913144,1.0822256288074534,75.1748227703537,28.991061925102755,21.715603827751302
82,2024-06-21,601138,26.92,27.89,28.16,26.86,1231321,3463436541.0,4.64,-0.5,-0.14,0.62,sh601138,26.351223047795415,25.204092399365184,1.147130648430231,72.82146364975532,29.493660098922838,21.69618034413559
83,2024-06-24,601138,27.22,26.97,27.89,26.74,1134130,3157646689.0,4.12,-3.3,-0.92,0.57,sh601138,26.446419501980735,25.334900369782577,1.1115191321981577,58.85187040975008,29.67714169119859,21.774618709663795
84,2024-06-25,601138,26.18,25.86,26.62,25.63,1317100,3505269013.0,3.67,-4.12,-1.11,0.66,sh601138,26.35620111706062,25.373796638687573,0.9824044783730486,46.44761198050666,29.686841106870293,21.790465922481385
85,2024-06-26,601138,26.54,26.59,26.8,25.87,1197861,3224735831.0,3.6,2.82,0.73,0.6,sh601138,26.39217017597437,25.463885776562567,0.9282843994118046,53.83177830731833,29.742264330793972,21.89720393385754
86,2024-06-27,601138,26.09,26.23,26.67,25.74,1056595,2831106545.0,3.5,-1.35,-0.36,0.53,sh601138,26.36722091813216,25.520634978298673,0.846585939833485,49.91539920135295,29.72037084042953,21.99724330377898
87,2024-06-28,601138,26.12,26.82,27.2,26.11,1150061,3151830923.0,4.16,2.25,0.59,0.58,sh601138,26.43687923841952,25.61688423916544,0.8199949992540816,55.972532373819114,29.730893772328105,22.169804739098648
88,2024-07-01,601138,26.83,27.42,27.61,26.42,1005197,2769311843.0,4.44,2.24,0.6,0.51,sh601138,26.58812858635498,25.75044836959763,0.8376802167573487,61.44398001738796,29.620584508473232,22.56004747805574
89,2024-07-02,601138,27.17,26.78,27.29,26.68,901733,2475200110.0,2.22,-2.33,-0.64,0.45,sh601138,26.61764726537729,25.82671145333114,0.7909358120461505,53.29274748696027,29.491887819748488,22.82011254901582
90,2024-07-03,601138,26.57,26.8,26.96,26.23,740225,2014567864.0,2.73,0.07,0.02,0.37,sh601138,26.64570153224232,25.898806901232536,0.7468946310097841,53.515105977297004,29.29017549003003,23.144491510280538
91,2024-07-04,601138,27.17,26.69,27.27,26.58,790687,2171606461.0,2.57,-0.41,-0.11,0.4,sh601138,26.65251668112812,25.957413797437532,0.6951028836905877,51.94572002034631,28.972806883237332,23.55189183132937
92,2024-07-05,601138,26.42,26.5,26.64,25.78,881540,2359759723.0,3.22,-0.71,-0.19,0.44,sh601138,26.629052576339177,25.997605367997714,0.6314472083414628,49.07729930254504,28.962388408920532,23.607577094735063
93,2024-07-08,601138,26.29,26.38,26.85,26.23,639423,1734099061.0,2.34,-0.45,-0.12,0.32,sh601138,26.59073679536392,26.02593089629418,0.5648058990697393,47.17877864992793,28.70294069855096,23.885123328566003
94,2024-07-09,601138,26.52,28.42,28.6,26.17,1595198,4499603103.0,9.21,7.73,2.04,0.8,sh601138,26.87216190376947,26.203269348420537,0.6688925553489327,69.96759027758254,28.61341452095901,24.379595789289674
95,2024-07-10,601138,28.42,28.37,28.6,27.84,1025420,2958129613.0,2.67,-0.18,-0.05,0.52,sh601138,27.102598533958783,26.363767915204203,0.7388306187545801,69.1241951821911,28.369642029080225,24.980224442097153
96,2024-07-11,601138,28.87,28.18,28.89,27.29,1284074,3681298002.0,5.64,-0.67,-0.19,0.65,sh601138,27.268352605657434,26.498303625189077,0.7700489804683563,65.65420531482117,28.383508406611007,25.25303744826376
97,2024-07-12,601138,27.07,26.68,27.1,26.62,1292642,3537581677.0,1.7,-5.32,-1.5,0.65,sh601138,27.177836820171674,26.511762615915814,0.6660742042558603,45.052519263368694,28.368289421639282,25.241918732771218
98,2024-07-15,601138,26.57,26.38,26.74,26.09,847118,2283405842.0,2.44,-1.12,-0.3,0.43,sh601138,27.055092693991416,26.502002422144272,0.5530902718471431,42.01040850000159,28.364754810868458,25.164481138360085
99,2024-07-16,601138,26.38,26.88,27.02,25.78,1268270,3433207744.0,4.7,1.9,0.5,0.64,sh601138,27.028155356454274,26.530002242726177,0.49815311372809745,48.67510894545205,28.3225099271437,25.22870355072974
100,2024-07-17,601138,26.48,25.37,26.52,25.26,1360612,3579744021.0,4.69,-5.62,-1.51,0.69,sh601138,26.773054532384386,26.444076150672387,0.3289783817119982,34.75591329027044,28.31864886843826,24.96482999249485
101,2024-07-18,601138,24.24,24.83,24.88,23.75,1603036,3987867399.0,4.45,-2.13,-0.54,0.81,sh601138,26.47412306586371,26.324514954326283,0.1496081115374288,31.087655132257552,28.31879704313213,24.61958859295021
102,2024-07-19,601138,24.39,24.08,24.72,23.97,1157326,2872113111.0,3.02,-3.02,-0.75,0.58,sh601138,26.105796440346214,26.15825458733915,-0.052458146992936605,26.590187937483904,28.381481184176117,24.101820105612667
103,2024-07-22,601138,23.91,24.33,24.45,23.64,1043013,2583806742.0,3.36,1.04,0.25,0.53,sh601138,25.83259698798526,26.022828321610326,-0.19023133362506783,30.459590665435016,28.420582893914663,23.69859446351328
104,2024-07-23,601138,24.77,23.96,24.87,23.95,989088,2472328010.0,3.78,-1.52,-0.37,0.5,sh601138,25.544505143679835,25.870026223713264,-0.32552108003342894,27.944276092722305,28.46575403564807,23.253501668691495
105,2024-07-24,601138,23.82,23.72,24.52,23.58,883936,2172629157.0,3.92,-1.0,-0.24,0.45,sh601138,25.263812044652166,25.710765021956725,-0.44695297730455863,26.31770276596278,28.517836153537818,22.79387138848369
106,2024-07-25,601138,22.92,22.62,23.16,22.42,1346031,3140485430.0,3.12,-4.64,-1.1,0.68,sh601138,24.857071730090293,25.481819464774745,-0.6247477346844512,20.123192089638735,28.65520217165031,22.078247509226294
107,2024-07-26,601138,22.62,22.92,23.08,22.37,859955,2005890391.0,3.14,1.33,0.3,0.43,sh601138,24.559060694691787,25.292055059976615,-0.7329943652848279,25.63157460038147,28.68460531398249,21.582801540143958
108,2024-07-29,601138,22.82,23.22,23.51,22.59,976987,2316856734.0,4.01,1.31,0.3,0.49,sh601138,24.353051357046898,25.138569499978345,-0.7855181429314477,31.11294225093566,28.6103930309825,21.292498884655714
109,2024-07-30,601138,22.91,22.27,23.02,22.05,1282949,2937657047.0,4.18,-4.09,-0.95,0.65,sh601138,24.03258191750122,24.92608287035032,-0.8935009528491022,24.511719574618837,28.610217232893614,20.781923071731438
110,2024-07-31,601138,22.18,23.26,23.3,22.16,1503000,3523270167.0,5.12,4.45,0.99,0.76,sh601138,23.91372316096257,24.802669324398448,-0.8889461634358788,39.85567846285764,28.532316330482185,20.586286802273815
111,2024-08-01,601138,24.02,23.39,24.2,23.38,1452511,3524832734.0,3.53,0.56,0.13,0.73,sh601138,23.833150366968326,24.698027152220785,-0.8648767852524593,41.65262549875165,28.443708854075876,20.4521701707986
112,2024-08-02,601138,22.35,21.75,22.52,21.67,1819823,4118348271.0,3.63,-7.01,-1.64,0.92,sh601138,23.512665695127044,24.4796547705748,-0.9669890754477564,29.028249999334292,28.392739270983736,19.989246513426497
113,2024-08-05,601138,20.52,19.84,20.94,19.7,2341599,4886015926.0,5.7,-8.78,-1.91,1.18,sh601138,22.947640203569037,24.135976639421113,-1.1883364358520758,20.627039749253697,28.466733364837935,19.086491868676084
114,2024-08-06,601138,20.45,20.23,20.65,19.92,1429616,2970093528.0,3.68,1.97,0.39,0.72,sh601138,22.529541710712262,23.84664503650103,-1.3171033257887679,25.693743673471886,28.126662508827494,18.751017464351854
115,2024-08-07,601138,20.02,19.82,20.23,19.73,1109344,2274063503.0,2.47,-2.03,-0.41,0.56,sh601138,22.11268913983345,23.548375033797253,-1.4356858939638037,23.847208225467426,27.706626092747783,18.481751025843053
116,2024-08-08,601138,19.42,19.9,20.01,19.17,1312416,2654203645.0,4.24,0.4,0.08,0.66,sh601138,21.772275426012918,23.278125031293754,-1.5058496052808366,25.059757491884085,27.185489196845406,18.394471053308205
117,2024-08-09,601138,20.22,20.21,20.74,20.03,1726815,3608863237.0,3.57,1.56,0.31,0.87,sh601138,21.53192536047247,23.05085651045718,-1.5189311499847094,30.040347801430855,26.834947472251095,18.2535879921736
118,2024-08-12,601138,19.93,20.06,20.34,19.89,926802,1913431142.0,2.23,-0.74,-0.15,0.47,sh601138,21.305475305015165,22.82931158375665,-1.5238362787414843,28.96555427849414,26.463190153458818,18.15215145721114
119,2024-08-13,601138,20.27,20.2,20.47,19.87,1014066,2100912052.0,2.99,0.7,0.14,0.51,sh601138,21.135402181166675,22.63454776273764,-1.4991455815709642,31.60100259224022,25.88153622245942,18.332344282432448
120,2024-08-14,601138,20.62,20.8,21.32,20.45,2109498,4530984888.0,4.31,2.97,0.6,1.06,sh601138,21.083801845602572,22.498655335868186,-1.4148534902656138,42.20453134609904,25.520167338288747,18.44477216613723
121,2024-08-15,601138,20.74,20.66,20.9,20.3,1264310,2605049267.0,2.88,-0.67,-0.14,0.64,sh601138,21.018601561663715,22.362458644322395,-1.3438570826586798,40.513599120190094,25.195379811476787,18.517660692527674
122,2024-08-16,601138,21.01,21.06,21.46,20.98,1518563,3219246358.0,2.32,1.94,0.4,0.76,sh601138,21.02497055217699,22.26598022622444,-1.2410096740474508,47.45402945623244,24.966834598863432,18.59448776190251
123,2024-08-19,601138,21.0,20.78,21.14,20.73,905047,1891974203.0,1.95,-1.33,-0.28,0.46,sh601138,20.98728277491899,22.155907616874483,-1.1686248419554914,43.36729012050224,24.64466497706098,18.726055254108207
124,2024-08-20,601138,21.11,20.65,21.18,20.51,904180,1882949855.0,3.22,-0.63,-0.13,0.46,sh601138,20.935393117239148,22.04435890451341,-1.1089657872742613,41.454746563947424,24.337559822580726,18.835948958000916
125,2024-08-21,601138,20.3,20.77,21.13,20.27,937099,1945131356.0,4.16,0.58,0.12,0.47,sh601138,20.909948022279277,21.94996194862353,-1.0400139263442512,44.08133278410263,24.036021669935085,18.981914845829262
126,2024-08-22,601138,20.78,20.39,20.79,20.21,822236,1677662039.0,2.79,-1.83,-0.38,0.41,sh601138,20.829956018851696,21.834409211688453,-1.0044531928367562,37.87293922836895,23.86543093322565,18.939368771513525
127,2024-08-23,601138,20.2,20.46,20.56,19.99,820164,1664348901.0,2.8,0.34,0.07,0.41,sh601138,20.773039708259127,21.73260112193375,-0.9595614136746242,39.678689306607694,23.63665853717663,18.988636433777863
128,2024-08-26,601138,20.6,20.12,20.7,20.0,757463,1533708332.0,3.42,-1.66,-0.34,0.38,sh601138,20.672572060834646,21.613149186975697,-0.9405771261410507,34.1206356867669,23.29836415035441,19.099759870985366
129,2024-08-27,601138,20.0,19.75,20.07,19.66,730994,1447122601.0,2.04,-1.84,-0.37,0.37,sh601138,20.53063789762932,21.475138136088606,-0.9445002384592875,29.01691033143119,23.098283322666465,19.023828887117137
130,2024-08-28,601138,19.6,19.77,20.06,19.5,678861,1339117467.0,2.84,0.1,0.02,0.34,sh601138,20.413616682609423,21.34883160748945,-0.9352149248800288,29.673007862718862,22.620896489031058,19.255300272201726
131,2024-08-29,601138,19.0,19.22,19.33,18.51,1372798,2598158621.0,4.15,-2.78,-0.55,0.69,sh601138,20.229983346823357,21.19114037730505,-0.9611570304816937,22.943853794504307,21.909771453629638,19.639168473200023
132,2024-08-30,601138,19.08,20.47,20.75,19.07,1923256,3894024149.0,8.74,6.5,1.25,0.97,sh601138,20.266908985773608,21.13772257157875,-0.8708135858051413,51.67969011612193,21.66578398423657,19.82516166384741
133,2024-09-02,601138,20.37,19.45,20.37,19.45,1313612,2592560075.0,4.49,-4.98,-1.02,0.66,sh601138,20.141230680269977,21.012706084795138,-0.8714754045251603,38.249540655376265,21.59473654796559,19.64945237172944
134,2024-09-03,601138,19.34,19.44,19.65,19.23,822969,1599480885.0,2.16,-0.05,-0.01,0.41,sh601138,20.03334903715152,20.89620933777328,-0.8628603006217581,38.13742659931171,21.545699346711785,19.47332872348848
135,2024-09-04,601138,18.5,18.92,18.98,18.4,1287535,2407196351.0,2.98,-2.67,-0.52,0.65,sh601138,19.862064569897438,20.749823460901187,-0.8877588910037488,32.433444373327745,21.532568229055705,19.183695263030245
136,2024-09-05,601138,18.86,18.88,19.21,18.71,818265,1547422597.0,2.64,-0.21,-0.04,0.41,sh601138,19.710977712990136,20.61131801935295,-0.9003403063628141,32.008534209190955,21.519842368203182,18.914872219874585
137,2024-09-06,601138,18.87,18.36,18.94,18.3,918167,1702211168.0,3.39,-2.75,-0.52,0.46,sh601138,19.50313498791473,20.4445537216231,-0.941418733708371,26.751473271742086,21.556256346130972,18.5246759002251
138,2024-09-09,601138,18.13,18.6,18.64,18.1,865900,1593335404.0,2.94,1.31,0.24,0.44,sh601138,19.364191143620157,20.30792011261398,-0.943728968993824,32.64284922174268,21.544470673939013,18.2620870727641
139,2024-09-10,601138,18.6,18.82,18.99,18.36,1015619,1895273408.0,3.39,1.18,0.22,0.51,sh601138,19.280469429217057,20.19770380797591,-0.9172343787588524,37.923690104151355,21.50945559221822,18.09076332146555
140,2024-09-11,601138,18.72,18.78,19.08,18.65,693071,1302534355.0,2.28,-0.21,-0.04,0.35,sh601138,19.203474132414435,20.092688711088805,-0.8892145786743697,37.31002680289171,21.419254210943848,17.986658139531947
141,2024-09-12,601138,19.39,18.84,19.64,18.8,1179950,2261474918.0,4.47,0.32,0.06,0.59,sh601138,19.147555035119908,19.999896954711858,-0.8523419195919502,39.01792096986042,21.330805575754795,17.91073416991378
142,2024-09-13,601138,18.86,19.25,19.59,18.86,1596820,3090243461.0,3.87,2.18,0.41,0.8,sh601138,19.163315798947615,19.94434903214061,-0.7810332331929963,49.80091133290579,21.17450517490794,17.996411737839818
143,2024-09-18,601138,19.0,18.75,19.1,18.57,814375,1529559614.0,2.75,-2.6,-0.5,0.41,sh601138,19.099728752955674,19.85587873346353,-0.7561499805078569,39.87863478756239,21.03189677862942,17.979885190047117
144,2024-09-19,601138,18.87,18.85,18.97,18.45,977367,1832408896.0,2.77,0.53,0.1,0.49,sh601138,19.061308944808644,19.781369197651415,-0.7200602528427709,42.52139732076581,20.890272565777614,17.996577786834486
145,2024-09-20,601138,19.0,18.86,19.24,18.73,903688,1709430548.0,2.71,0.05,0.01,0.45,sh601138,19.030338337915005,19.713119627455015,-0.68278128954001,42.8114562582712,20.698126415388867,18.077595332212557
146,2024-09-23,601138,18.65,18.71,19.15,18.54,770526,1453569652.0,3.23,-0.8,-0.15,0.39,sh601138,18.981055516697314,19.638814469865753,-0.6577589531684396,39.37260518826273,20.55193479735975,18.09467059332725
147,2024-09-24,601138,18.9,20.58,20.58,18.88,2578305,5130805422.0,9.09,9.99,1.87,1.3,sh601138,19.22704697566696,19.708531916542366,-0.48148494087540783,71.87252774433652,20.69810651597882,18.18786978988085
148,2024-09-25,601138,21.32,21.07,21.83,21.01,2454176,5260220552.0,3.98,2.38,0.49,1.24,sh601138,19.510578210179734,19.809381404205894,-0.29880319402615996,75.79547418213748,21.05239073493817,18.14349258941106
149,2024-09-26,601138,21.11,21.66,21.69,20.86,1888155,4012792718.0,3.94,2.8,0.59,0.95,sh601138,19.8412584855367,19.946464263153604,-0.10520577761690575,79.72428934219523,21.592179519701,17.99647682137688
150,2024-09-27,601138,22.02,23.0,23.0,21.85,1406876,3139300713.0,5.31,6.19,1.34,0.71,sh601138,20.327218718531054,20.172652095512596,0.15456662301845725,85.77511339408947,22.522646855686304,17.676613643384158
151,2024-09-30,601138,24.3,25.19,25.29,23.5,2791674,6863945912.0,7.78,9.52,2.19,1.41,sh601138,21.07533891568012,20.544307495844997,0.5310314198351236,90.89760564285268,24.08174905062437,17.087105686629858
152,2024-10-08,601138,27.71,27.71,27.71,25.32,3065615,8353966206.0,9.49,10.0,2.52,1.54,sh601138,22.096056005575488,21.07509953318981,1.0209564723856772,93.84191073223023,26.231358773744656,16.294747893294886
153,2024-10-09,601138,27.7,26.0,28.3,25.67,2665827,7197497797.0,9.49,-6.17,-1.71,1.34,sh601138,22.69666277394849,21.439906975175752,1.256755798772737,74.87810548903866,27.302996745854365,16.125385476705226
154,2024-10-10,601138,26.52,25.8,26.68,25.05,1845426,4801598730.0,6.27,-0.77,-0.2,0.93,sh601138,23.174099270264104,21.76287682886644,1.4112224413976655,72.89027197974461,28.14069503496546,16.065936499731308
155,2024-10-11,601138,25.4,24.59,25.92,24.12,1458644,3645912133.0,6.98,-4.69,-1.21,0.73,sh601138,23.391930151761933,21.972293360061517,1.419636791700416,61.494035882854135,28.53015686652809,16.150128807721366
156,2024-10-14,601138,24.54,25.16,25.17,23.96,1413804,3486650145.0,4.92,2.32,0.57,0.71,sh601138,23.66394089764471,22.208419777834738,1.4555211198099727,64.51005817253203,28.95646744725069,16.26093387707024
157,2024-10-15,601138,25.19,24.6,25.75,24.6,1340918,3377437590.0,4.57,-2.23,-0.56,0.68,sh601138,23.807949990314757,22.385573868365498,1.4223761219492594,59.24927209331684,29.124347702312427,16.472348733977938
158,2024-10-16,601138,23.61,23.53,24.09,23.19,1350643,3181044984.0,3.66,-4.35,-1.07,0.68,sh601138,23.765188453343256,22.470346174412498,1.2948422789307585,50.22016152287367,29.06150935850728,16.674549321945904
159,2024-10-17,601138,23.77,23.71,24.22,23.61,1152798,2753947719.0,2.59,0.76,0.18,0.58,sh601138,23.75669792205968,22.562172383715275,1.1945255383444042,51.650345670313875,28.999654780805514,16.896779263414032
160,2024-10-18,601138,23.98,26.08,26.08,23.98,2428536,6177895389.0,8.86,10.0,2.37,1.22,sh601138,24.11412901097357,22.822752207143775,1.2913768038297953,66.3415249871546,29.301854975432498,17.191109159813756
161,2024-10-21,601138,26.81,26.2,26.98,25.61,2500426,6584950952.0,5.25,0.46,0.12,1.26,sh601138,24.43503224005456,23.07291871031831,1.362113529736252,66.92860408667613,29.515984231183783,17.53955474832473
162,2024-10-22,601138,26.49,26.26,26.78,25.8,1472538,3872117498.0,3.74,0.23,0.06,0.74,sh601138,24.715796510815398,23.308998805850287,1.4067977049651113,67.25808042645909,29.68048732871776,17.895476509885178
163,2024-10-23,601138,25.79,25.61,26.05,25.25,1238150,3174466112.0,3.05,-2.48,-0.65,0.62,sh601138,24.85336627838226,23.479443338750265,1.3739229396319956,59.80982973976793,29.52446113424665,18.398553767346485
164,2024-10-24,601138,25.16,25.35,25.8,24.83,921488,2324974143.0,3.79,-1.02,-0.26,0.46,sh601138,24.92977146632345,23.61800309143543,1.3117683748880218,56.9015141052783,29.215887788467175,18.971601884402805
165,2024-10-25,601138,25.39,25.66,26.05,25.13,1066717,2731769321.0,3.63,1.22,0.31,0.54,sh601138,25.042114317658303,23.769262121699473,1.27285219595883,59.603884239360134,28.80525338360524,19.680570606134268
166,2024-10-28,601138,25.31,25.26,25.62,24.89,1086663,2740527329.0,2.84,-1.56,-0.4,0.55,sh601138,25.075635191864716,23.879687149721736,1.1959480421429802,54.51475919810771,28.069927226901562,20.60962781143418
167,2024-10-29,601138,25.2,25.05,25.98,24.91,1383533,3511210240.0,4.24,-0.83,-0.21,0.7,sh601138,25.071691316193224,23.966376990483088,1.105314325710136,51.8338081378017,27.60869036422773,21.20614514664747
168,2024-10-30,601138,24.9,24.84,25.64,24.54,1212944,3035295520.0,4.39,-0.84,-0.21,0.61,sh601138,25.036046498317344,24.03108980600286,1.004956692314483,49.05047062119143,27.104097783057938,21.793134345829145
169,2024-10-31,601138,24.5,24.25,24.65,23.81,1867212,4520725516.0,3.38,-2.38,-0.59,0.94,sh601138,24.915116267806983,24.047305375928577,0.8678108918784062,41.77801354433954,26.593526051674832,22.265874445889676
170,2024-11-01,601138,23.85,23.68,24.36,23.65,1130299,2705900739.0,2.93,-2.35,-0.57,0.57,sh601138,24.72509838045206,24.020097570304237,0.7050008101478227,35.8524743796051,26.394687893692762,22.321912556484648
171,2024-11-04,601138,23.78,24.33,24.53,23.78,1095512,2656417976.0,3.17,2.74,0.65,0.55,sh601138,24.664314014228665,24.043053305837258,0.6212607083914072,45.9411331348174,26.43117996515244,22.28002996596045
172,2024-11-05,601138,24.34,24.75,24.99,24.05,1532383,3775653367.0,3.86,1.73,0.42,0.77,sh601138,24.6774964735781,24.09541972762709,0.5820767459510101,51.61463714729047,26.099482527802177,22.686850267014247
173,2024-11-06,601138,25.0,24.18,25.0,24.03,1565169,3825674261.0,3.92,-2.3,-0.57,0.79,sh601138,24.600958554566084,24.101684932988046,0.49927362157803756,44.32931269254356,26.056575962367692,22.689153709132885
174,2024-11-07,601138,23.96,24.64,24.79,23.62,1549010,3759858836.0,4.84,1.9,0.46,0.78,sh601138,24.60696493078669,24.14156012313708,0.4654048076496089,50.796334949248255,26.03725684278483,22.759355717144263
175,2024-11-08,601138,24.9,25.98,27.0,24.9,3313820,8684620573.0,8.52,5.44,1.34,1.67,sh601138,24.818201095281044,24.277740854756555,0.5404602405244887,64.61330116877318,26.25160299758126,22.8462845566403
176,2024-11-11,601138,25.3,27.01,27.18,25.21,3129680,8231086030.0,7.58,3.96,1.03,1.58,sh601138,25.155400926776267,24.480130421070886,0.6752705057053809,71.66922690593452,26.717872325568948,22.848787842536275
177,2024-11-12,601138,27.01,25.72,27.01,25.46,2311452,6024691958.0,5.74,-4.78,-1.29,1.16,sh601138,25.24226232265684,24.571972612102673,0.6702897105541652,55.63745286558394,26.8172296558284,22.927843829600135
178,2024-11-13,601138,25.47,26.47,27.14,25.1,2394372,6252146823.0,7.93,2.92,0.75,1.21,sh601138,25.431145042248094,24.7125672334284,0.7185778088196955,61.425923803325034,26.911865879867978,23.137486321234025
179,2024-11-14,601138,26.58,24.87,26.6,24.85,1850870,4734109353.0,6.61,-6.04,-1.6,0.93,sh601138,25.344815035748386,24.72422891984111,0.6205861159072761,46.493085086504024,26.7642837251748,23.255606361536536
180,2024-11-15,601138,24.8,23.92,25.13,23.9,1517619,3712560403.0,4.95,-3.82,-0.95,0.76,sh601138,25.125612722556326,24.66465640726029,0.46095631529603764,39.855233144591246,26.725501832804298,23.08677967422024
181,2024-11-18,601138,23.92,23.24,24.09,23.08,1122673,2640742072.0,4.22,-2.84,-0.68,0.57,sh601138,24.83551845754766,24.559126303018786,0.27639215452887456,35.65136944213198,26.701417800278968,22.793503563219424
182,2024-11-19,601138,23.45,23.72,23.88,22.92,1074776,2515347736.0,4.13,2.07,0.48,0.54,sh601138,24.66390023330956,24.49696879909147,0.16693143421808898,40.74220416533899,26.60356440201713,22.695650164957602
183,2024-11-20,601138,23.7,24.0,24.19,23.7,1145576,2745515817.0,2.07,1.18,0.28,0.58,sh601138,24.56176173587732,24.460156295455064,0.10160544042225439,43.73811358926183,26.555740778953208,22.619739067357266
184,2024-11-21,601138,23.6,23.43,23.79,23.21,1229154,2887580665.0,2.42,-2.38,-0.57,0.62,sh601138,24.387644545742347,24.383848421717655,0.0037961240246922046,39.095383898455,26.527567551275762,22.427390404909904
185,2024-11-22,601138,23.49,22.84,23.96,22.84,1211450,2836805756.0,4.78,-2.52,-0.59,0.61,sh601138,24.149545384858907,24.269489279368198,-0.11994389450929077,34.69666556355213,26.492435758627572,22.150621439826132
186,2024-11-25,601138,22.84,22.11,22.95,21.7,1284159,2845965547.0,5.47,-3.2,-0.73,0.65,sh601138,23.83576917180369,24.10952711052611,-0.2737579387224187,29.894751587311177,26.526254901295268,21.695558754448555
187,2024-11-26,601138,21.89,22.09,22.42,21.71,896673,1977884775.0,3.21,-0.09,-0.02,0.45,sh601138,23.56718929921851,23.959932509746398,-0.39274321052788963,29.7645306799853,26.533837437785287,21.303041584078173
188,2024-11-27,601138,21.92,22.32,22.42,21.72,868575,1922345866.0,3.17,1.04,0.23,0.44,sh601138,23.37531402241566,23.83845602754296,-0.463142005127299,33.60234748597129,26.51231926074972,21.020095092364834
189,2024-11-28,601138,22.32,21.85,22.32,21.78,908158,1995650738.0,2.42,-2.11,-0.47,0.46,sh601138,23.140650326659408,23.691162988465702,-0.5505126618062945,29.767187517620016,26.519672498091925,20.64775001186886
190,2024-11-29,601138,21.85,22.19,22.7,21.75,1153973,2560538002.0,4.35,1.56,0.34,0.58,sh601138,22.99439643025027,23.579965730060835,-0.5855692998105653,35.87608530231668,26.500685032505324,20.401268666983007
191,2024-12-02,601138,22.07,22.56,22.75,22.07,1223315,2743941157.0,3.06,1.67,0.37,0.62,sh601138,22.92756621021177,23.50441271301929,-0.5768465028075198,42.18997078899418,26.475574224253577,20.25666959909301
192,2024-12-03,601138,22.68,22.24,22.68,22.05,881292,1962120597.0,2.79,-1.42,-0.32,0.44,sh601138,22.82178679325611,23.410752512054895,-0.5889657187987858,38.415315961708004,26.425034751083487,20.09270966051581
193,2024-12-04,601138,22.25,21.88,22.32,21.8,962608,2114514357.0,2.34,-1.62,-0.36,0.48,sh601138,22.676896517370555,23.297363437087864,-0.6204669197173089,34.41811874036165,26.396276209294342,19.858825877390736
194,2024-12-05,601138,21.92,22.54,22.65,21.92,1467166,3296525194.0,3.34,3.02,0.66,0.74,sh601138,22.65583551469816,23.24126244174802,-0.5854269270498591,46.24922241719703,26.341874008009864,19.80131359422902
195,2024-12-06,601138,22.54,22.6,22.67,22.23,1107237,2491375747.0,1.95,0.27,0.06,0.56,sh601138,22.64724543551383,23.193761520137055,-0.5465160846232244,47.247473693021654,26.112116183458724,19.941244028090743
196,2024-12-09,601138,22.62,22.13,22.62,22.0,931284,2070106173.0,2.74,-2.08,-0.47,0.47,sh601138,22.56766921466555,23.114964370497272,-0.5472951558317227,40.456421044598585,25.553580041007198,20.328983959918506
197,2024-12-10,601138,22.61,22.14,22.8,22.13,1299174,2916481422.0,3.03,0.05,0.01,0.65,sh601138,22.50187395087085,23.042744787497476,-0.5408708366266275,40.665790688145485,25.20854384697479,20.52139501100561
198,2024-12-11,601138,22.1,22.33,22.48,22.03,937454,2091065851.0,2.03,0.86,0.19,0.47,sh601138,22.475431804583025,22.98994887731248,-0.5145170727294541,44.91232583514663,24.48630802339046,21.14173189573466
199,2024-12-12,601138,22.37,22.34,22.65,22.2,909888,2035384897.0,2.02,0.04,0.01,0.46,sh601138,22.454596142339483,22.941804516030075,-0.4872083736905921,45.15071955149956,24.117344509162816,21.42040589385515
200,2024-12-13,601138,22.17,21.35,22.2,21.3,1651591,3576176007.0,4.03,-4.43,-0.99,0.83,sh601138,22.284658274287256,22.823893070398217,-0.5392347961109607,30.214541617194115,23.9514695427391,21.316018917134304
201,2024-12-16,601138,21.2,21.06,21.3,20.87,988166,2076540553.0,2.01,-1.36,-0.29,0.5,sh601138,22.096249309012293,22.69323432444279,-0.5969850154304979,27.175963137883357,23.899154758679792,21.06857289549138
202,2024-12-17,601138,20.99,21.6,22.17,20.92,1836546,3999723765.0,5.94,2.56,0.54,0.92,sh601138,22.01990326147194,22.612254004113698,-0.5923507426417594,40.11534839151557,23.707798660002766,21.09157397948544
203,2024-12-18,601138,21.62,21.41,21.7,21.18,923516,1975597414.0,2.41,-0.88,-0.19,0.46,sh601138,21.926071990476256,22.523198151957125,-0.5971261614808689,37.41631849210424,23.39036026163414,21.220500697902803
204,2024-12-19,601138,21.2,22.19,22.37,21.11,1824622,3997002708.0,5.89,3.64,0.78,0.92,sh601138,21.966676299633757,22.498516807367707,-0.5318405077339499,52.54148542987072,23.19807361360001,21.3908005878858
205,2024-12-20,601138,22.03,22.02,22.35,21.92,1249791,2760716991.0,1.94,-0.77,-0.17,0.63,sh601138,21.97487994584395,22.46307111793306,-0.4881911720891132,49.531118527212385,23.09990932739651,21.436691140614457
206,2024-12-23,601138,22.23,22.05,22.64,22.04,1383104,3081972767.0,2.72,0.14,0.03,0.7,sh601138,21.986436877252572,22.43247325734543,-0.4460363800928562,50.11311944827551,23.078602231489498,21.416417239568048
207,2024-12-24,601138,22.11,23.0,23.07,21.8,2100292,4726842841.0,5.76,4.31,0.95,1.06,sh601138,22.142369665367564,22.47451227531984,-0.3321426099522746,64.90193574547573,23.253931283249894,21.38441966675455
208,2024-12-25,601138,23.03,22.72,23.19,22.52,1625086,3716854498.0,2.91,-1.22,-0.28,0.82,sh601138,22.23123587069563,22.492696551222075,-0.26146068052644367,58.958024422364225,23.329205845561525,21.385492633013925
209,2024-12-26,601138,22.64,23.33,23.38,22.42,1954601,4515517027.0,4.23,2.68,0.61,0.98,sh601138,22.400276505973228,22.55471902890933,-0.15444252293610106,66.63838267561536,23.554774123370823,21.345191166768867
210,2024-12-27,601138,23.16,22.61,23.2,22.55,1796131,4104549967.0,2.79,-3.09,-0.72,0.9,sh601138,22.432541658900423,22.55881391565679,-0.12627225675636566,53.10418446398233,23.586340256345903,21.34410452997096
211,2024-12-30,601138,22.55,22.45,22.75,22.3,972770,2187789771.0,1.99,-0.71,-0.16,0.49,sh601138,22.435227557531128,22.550753625608134,-0.11552606807700627,50.475582564187896,23.578619338466318,21.3489259443918
212,2024-12-31,601138,22.46,21.5,22.5,21.5,1344455,2935692145.0,4.45,-4.23,-0.95,0.68,sh601138,22.29134639483403,22.472920023711236,-0.18157362887720652,37.69322636113894,23.52947525048667,21.21449429114687
213,2025-01-02,601138,21.4,20.71,21.4,20.44,1247299,2610824056.0,4.47,-3.67,-0.79,0.63,sh601138,22.048062334090332,22.34233335528818,-0.2942710211978472,30.32474313335034,23.537608597235987,20.88979241662293
214,2025-01-03,601138,20.64,20.55,21.16,20.46,1037654,2159601878.0,3.38,-0.77,-0.16,0.52,sh601138,21.817591205768743,22.209567921563128,-0.3919767157943852,28.999936097978278,23.531542284906813,20.578963394298874
215,2025-01-06,601138,20.79,20.67,21.05,20.41,826977,1710058080.0,3.11,0.58,0.12,0.42,sh601138,21.64103871257355,22.095525853299193,-0.454487140725643,31.586403945762072,23.485530264863495,20.361117730608317
216,2025-01-07,601138,20.81,21.25,21.27,20.63,1151917,2414106395.0,3.1,2.81,0.58,0.58,sh601138,21.580878910639157,22.032894308610363,-0.4520153979712056,43.138511486512044,23.444477555944204,20.273918249482676
217,2025-01-08,601138,20.9,20.63,20.91,20.16,1160263,2388783297.0,3.53,-2.92,-0.62,0.58,sh601138,21.4345898474639,21.92897621167626,-0.49438636421236026,35.7026561210223,23.4135540885637,20.070708783012996
218,2025-01-09,601138,20.62,20.54,20.83,20.46,761155,1572457091.0,1.79,-0.44,-0.09,0.38,sh601138,21.29696064016176,21.826089084885425,-0.5291284447236642,34.70080305774924,23.36728455403247,19.888000901203586
219,2025-01-10,601138,20.49,19.75,20.49,19.75,1103875,2213737347.0,3.6,-3.85,-0.79,0.56,sh601138,21.05896669552149,21.672304708227244,-0.6133380127057535,27.021174509871514,23.364268987686312,19.533370233717736
220,2025-01-13,601138,19.48,19.72,19.86,19.4,646947,1270179136.0,2.33,-0.15,-0.03,0.33,sh601138,20.852971819287415,21.527689544654855,-0.6747177253674401,26.76166345447143,23.37006864297151,19.198271604965484
221,2025-01-14,601138,19.75,20.57,20.68,19.48,1348206,2721137523.0,6.09,4.31,0.85,0.68,sh601138,20.809437693243197,21.456749578384123,-0.6473118851409261,44.26206746876301,23.334477737695437,19.09783010567613
222,2025-01-15,601138,20.5,20.14,20.5,20.09,832789,1681752452.0,1.99,-2.09,-0.43,0.42,sh601138,20.70644727889809,21.359212572577892,-0.6527652936798027,38.84414696443073,23.31132187411933,18.916004269883516
223,2025-01-16,601138,20.35,20.84,20.99,20.2,1572690,3239699313.0,3.92,3.48,0.7,0.79,sh601138,20.726993851375305,21.320752382016565,-0.59375853064126,50.27659604290543,23.2989353130693,18.876264531504702
224,2025-01-17,601138,20.68,20.66,21.0,20.5,1023812,2123876213.0,2.4,-0.86,-0.18,0.52,sh601138,20.71668710500987,21.27180776112645,-0.5551206561165785,47.63451942723836,23.24341382635953,18.850338413969332
225,2025-01-20,601138,20.91,20.77,21.09,20.69,847175,1769984579.0,1.94,0.53,0.11,0.43,sh601138,20.724889088854507,21.234636815857826,-0.5097477270033188,49.50559316308347,23.20011678125855,18.840897150467562
226,2025-01-21,601138,20.96,21.21,21.6,20.75,1257723,2659706976.0,4.09,2.12,0.44,0.63,sh601138,20.799521536723045,21.232811866535023,-0.4332903298119781,56.65390776696123,23.18315693959969,18.893950903390603
227,2025-01-22,601138,21.42,23.33,23.33,21.41,3995412,9093333602.0,9.05,10.0,2.12,2.01,sh601138,21.18882591568873,21.388159135680578,-0.19933321999184628,75.7440647300358,23.464466062851052,19.049107699854453
228,2025-01-23,601138,23.81,23.0,24.24,23.0,4045048,9577730151.0,5.32,-1.41,-0.33,2.04,sh601138,21.46746808250585,21.507554755259793,-0.04008667275394373,70.19177928043231,23.674256068584608,19.17135828814894
229,2025-01-24,601138,22.71,23.35,23.5,22.56,2319553,5347422349.0,4.09,1.52,0.35,1.17,sh601138,21.75708837750495,21.644032180796106,0.11305619670884326,72.6456495353326,23.86177439057078,19.35092431314053
230,2025-01-27,601138,22.55,21.45,22.59,21.39,2547188,5575565451.0,5.14,-8.14,-1.9,1.28,sh601138,21.70984401173496,21.62965942666306,0.08018458507189763,47.93058548498829,23.753285406888505,19.42963246789792
231,2025-02-05,601138,20.56,20.0,20.59,19.8,2995661,6007427161.0,3.68,-6.76,-1.45,1.51,sh601138,21.446791086852656,21.508943913576907,-0.06215282672425104,36.8815650078654,23.57005177921278,19.309731059879706
232,2025-02-06,601138,20.31,20.48,20.57,20.0,2040040,4149233282.0,2.85,2.4,0.48,1.03,sh601138,21.29805399656763,21.432725845904546,-0.13467184933691456,41.989429019855315,23.48029622906854,19.216650149157996
233,2025-02-07,601138,20.67,21.55,21.91,20.59,2893257,6188085420.0,6.45,5.22,1.07,1.46,sh601138,21.33681492017261,21.441412820281986,-0.10459790010937553,51.98391185975533,23.510080990102526,19.225251447340522
234,2025-02-10,601138,21.66,21.72,21.78,21.43,1726219,3732243385.0,1.62,0.79,0.17,0.87,sh601138,21.395766470915287,21.462048907668503,-0.06628243675321599,53.454017155668,23.553129416206996,19.249314217670044
235,2025-02-11,601138,21.8,21.77,22.22,21.73,1533061,3363606157.0,2.26,0.23,0.05,0.77,sh601138,21.45334086000524,21.48486009969306,-0.031519239687817446,53.9326733317414,23.600163513929623,19.272523583387702
236,2025-02-12,601138,21.72,22.15,22.18,21.58,1272067,2790480314.0,2.76,1.75,0.38,0.64,sh601138,21.560519189235205,21.534129721938015,0.026389467297189384,57.74331719630727,23.714995648617553,19.29362601086003
237,2025-02-13,601138,22.05,21.79,22.18,21.76,1127096,2470477929.0,1.9,-1.63,-0.36,0.57,sh601138,21.595823929352868,21.553083075868535,0.04274085348433232,52.95503818834118,23.742148906198608,19.320889738090635
238,2025-02-14,601138,21.81,22.1,22.63,21.81,1541399,3432007183.0,3.76,1.42,0.31,0.78,sh601138,21.673389478683198,21.593595440619012,0.07979403806418617,56.5361129079113,23.80244677563122,19.36887390253524
239,2025-02-17,601138,22.46,22.9,23.1,22.31,2100385,4768448291.0,3.57,3.62,0.8,1.06,sh601138,21.862098789655015,21.690366148721306,0.17173264093370832,64.56731456670892,23.906203875088934,19.51546721468072
240,2025-02-18,601138,22.9,22.68,23.47,22.59,2136041,4925567579.0,3.84,-0.96,-0.22,1.08,sh601138,21.987929745092703,21.763672359927135,0.22425738516556848,60.99129083208492,23.8970991692491,19.709174673875825
241,2025-02-19,601138,22.6,23.24,23.64,22.55,1977652,4587932119.0,4.81,2.47,0.56,1.0,sh601138,22.18055593815536,21.873029962895494,0.3075259752598676,66.44895678163246,24.09094922731946,19.78901282122214
242,2025-02-20,601138,23.05,22.62,23.11,22.58,1484933,3378726846.0,2.28,-2.67,-0.62,0.75,sh601138,22.24816271690069,21.928361076755085,0.31980164014560586,56.37335839429334,24.046503266222764,19.962986206267253
243,2025-02-21,601138,22.87,23.2,23.3,22.59,2026370,4659632779.0,3.14,2.56,0.58,1.02,sh601138,22.394599221992895,22.022556552551006,0.372042669441889,62.50941198563374,24.179832915622228,20.057324226154456
